,images,labels
0,bishon142.jpg,0
1,bishon143.jpg,0
2,bishon141.jpg,0
3,bishon145.jpg,0
4,bishon147.jpg,0
5,bishon146.jpg,0
6,bishon109.jpg,0
7,bishon135.jpg,0
8,bishon121.jpg,0
9,bishon120.jpg,0
10,bishon134.jpg,0
11,bishon108.jpg,0
12,bishon122.jpg,0
13,bishon137.jpg,0
14,bishon123.jpg,0
15,bishon127.jpg,0
16,bishon133.jpg,0
17,bishon132.jpg,0
18,bishon126.jpg,0
19,bishon130.jpg,0
20,bishon124.jpg,0
21,bishon118.jpg,0
22,bishon119.jpg,0
23,bishon125.jpg,0
24,bishon131.jpg,0
25,bishon128.jpg,0
26,bishon114.jpg,0
27,bishon101.jpg,0
28,bishon115.jpg,0
29,bishon129.jpg,0
30,bishon103.jpg,0
31,bishon117.jpg,0
32,bishon116.jpg,0
33,bishon102.jpg,0
34,bishon112.jpg,0
35,bishon113.jpg,0
36,bishon107.jpg,0
37,bishon139.jpg,0
38,bishon138.jpg,0
39,bishon104.jpg,0
40,bishon110.jpg,0
41,bishon148.jpg,0
0,maltesea1d4504294f8435423c56b96c4a76c18.jpg,1
1,maltese384.jpg,1
2,maltese390.jpg,1
3,malteseae0cf4a8076e52a04632de2b8e9a911b.jpg,1
4,maltesea5282db9b821559c9136bc875f724bde.jpg,1
5,maltese421.jpg,1
6,maltese347.jpg,1
7,maltese353.jpg,1
8,maltesec30fa1c2e03315c58df49b74e9268b93.jpg,1
9,maltese435.jpg,1
10,maltese1d1584d7fb1d92bae311a7e436829e08.jpg,1
11,maltese192.jpg,1
12,maltese11d669406a273858a123d1d1c87354c9.jpg,1
13,maltese145.jpg,1
14,maltese637.jpg,1
15,maltese151.jpg,1
16,maltese179.jpg,1
17,maltese00693b8bc2470375cc744a6391d397ec.jpg,1
18,maltese582.jpg,1
19,maltese233.jpg,1
20,maltese541.jpg,1
21,maltese569.jpg,1
22,maltese568.jpg,1
23,maltese226.jpg,1
24,maltese540.jpg,1
25,maltese554.jpg,1
26,maltese232.jpg,1
27,maltese583.jpg,1
28,maltese56b09db9124699cb5b2dfa57a68126bd.jpg,1
29,maltese243b71efb7163b30a7cbc7e95933ea61.jpg,1
30,maltese150.jpg,1
31,maltese058ea5b467d08ed978658dc1ad85fb7d.jpg,1
32,maltese144.jpg,1
33,maltese622.jpg,1
34,maltese193.jpg,1
35,maltese187.jpg,1
36,maltese352.jpg,1
37,maltese434.jpg,1
38,maltese420.jpg,1
39,maltese346.jpg,1
40,maltese391.jpg,1
41,maltesecada57465146623e34fffbd0cf86cf0f.jpg,1
42,maltese385.jpg,1
43,maltese387.jpg,1
44,maltese8e6c4873efd059a52cc41084b6824878.jpg,1
45,maltese5f72e8f3f4fa5fe31658ac1f3c5a0d3e.jpg,1
46,maltese344.jpg,1
47,maltese422.jpg,1
48,maltese191.jpg,1
49,maltese185.jpg,1
50,maltese152.jpg,1
51,maltese620.jpg,1
52,maltese146.jpg,1
53,maltese9b68e62359ae82765612cc902d7a83d3.jpg,1
54,maltese581.jpg,1
55,maltese4a14488c54f9d66c16dabc3e6419a3bb.jpg,1
56,maltese542.jpg,1
57,maltese224.jpg,1
58,maltese556.jpg,1
59,maltesef591763666758b806f71459819ce8602.jpg,1
60,malteseffa0055ec324829882186bae29491645.jpg,1
61,maltese231.jpg,1
62,maltese543.jpg,1
63,maltese225.jpg,1
64,maltese580.jpg,1
65,maltesee36c116cdff32db5d5b87b3c789ce46c.jpg,1
66,maltesebc92c4d60a03505c5c2696bc5e0fe974.jpg,1
67,maltese621.jpg,1
68,maltese147.jpg,1
69,maltese153.jpg,1
70,maltese184.jpg,1
71,maltese379.jpg,1
72,maltese423.jpg,1
73,maltese437.jpg,1
74,maltesedf2b16112524fe0c873530ac2357368c.jpg,1
75,maltese351.jpg,1
76,maltese386.jpg,1
77,maltese392.jpg,1
78,maltese9cce979c602d678cb93a97f8e69a6070.jpg,1
79,maltese396.jpg,1
80,maltese369.jpg,1
81,maltesec2b94313a6ba125f1b7839484e08ba00.jpg,1
82,maltese355.jpg,1
83,maltese433.jpg,1
84,maltese341.jpg,1
85,maltese194.jpg,1
86,maltese180.jpg,1
87,malteseb38b639670034f8ef9bd87c17ce29b56.jpg,1
88,maltese619.jpg,1
89,maltese631.jpg,1
90,maltese346b6652f1bc74e39346e0e979b4b4d4.jpg,1
91,maltese157.jpg,1
92,maltese143.jpg,1
93,maltese9781621d2b39b78b12cd1023e6bb1e69.jpg,1
94,maltesef4a331375dc879c5bfc682221d143fb0.jpg,1
95,maltese584.jpg,1
96,maltese209.jpg,1
97,maltese221.jpg,1
98,maltese547.jpg,1
99,maltese553.jpg,1
100,maltese552.jpg,1
101,maltese234.jpg,1
102,maltese220.jpg,1
103,maltese546.jpg,1
104,maltese208.jpg,1
105,maltese142.jpg,1
106,maltese630.jpg,1
107,maltese3cea2d7afdafea2f9d8f9d92f329b2e1.jpg,1
108,maltese156.jpg,1
109,maltese181.jpg,1
110,maltese57b6db1ec82c01676e11d621f9e15c89.jpg,1
111,maltese340.jpg,1
112,maltese368.jpg,1
113,maltese3def41b57873b6e64537e9be6cf9b023.jpg,1
114,maltese4f96d9a707560f1216b6b87815f7bbf1.jpg,1
115,maltese397.jpg,1
116,maltese418.jpg,1
117,maltese342.jpg,1
118,maltese356.jpg,1
119,maltese183.jpg,1
120,maltese197.jpg,1
121,maltesef4c3afa01a61b3471656b42f8d5cb1e1.jpg,1
122,maltese168.jpg,1
123,maltese626.jpg,1
124,maltese140.jpg,1
125,maltese154.jpg,1
126,maltese7b04d01de0522d0290acffe558487d4a.jpg,1
127,maltese430ffbd213e1e22c4966992a9178a51d.jpg,1
128,maltese587.jpg,1
129,maltese578.jpg,1
130,maltese550.jpg,1
131,maltese544.jpg,1
132,maltese222.jpg,1
133,maltese545.jpg,1
134,maltese40a34dcc0b9138faedecce21c54d5af9.jpg,1
135,maltese223.jpg,1
136,maltese551.jpg,1
137,maltese579.jpg,1
138,maltese586.jpg,1
139,maltesef98392bfae7d0aa35ecc4993ee2afbaf.jpg,1
140,maltesefa5054c5187c7171c546bd6a46b8346f.jpg,1
141,maltese155.jpg,1
142,maltese627.jpg,1
143,maltese141.jpg,1
144,maltese169.jpg,1
145,maltesee1b7f7010a5f6162a99fffc720f3259b.jpg,1
146,maltese196.jpg,1
147,maltese182.jpg,1
148,maltese357.jpg,1
149,maltese5dfd5698cacc75a5c4ec80df800139fd.jpg,1
150,maltese343.jpg,1
151,maltese8494afd34e3a2e81bec37e4dfdc67f8d.jpg,1
152,maltese425.jpg,1
153,maltese419.jpg,1
154,maltese394.jpg,1
155,maltese380.jpg,1
156,maltese481.jpg,1
157,maltese495.jpg,1
158,maltesec4b4a3adcb838be6d9d9fb5fd9304101.jpg,1
159,maltese530731b0d4edda8d558559f4f27513fb.jpg,1
160,maltese324.jpg,1
161,maltese442.jpg,1
162,maltese456.jpg,1
163,maltese330.jpg,1
164,maltese318.jpg,1
165,maltese2b366c121d11beea15d42bd86853462a.jpg,1
166,maltese640.jpg,1
167,maltese126.jpg,1
168,maltese132.jpg,1
169,maltese293.jpg,1
170,maltese287.jpg,1
171,maltese250.jpg,1
172,maltese536.jpg,1
173,maltese522.jpg,1
174,maltese8a1b3f9f3ff9fef70962ac68704e629a.jpg,1
175,maltesef220628a83618e6cc13e78361e833361.jpg,1
176,maltese278.jpg,1
177,maltese279.jpg,1
178,maltese523.jpg,1
179,maltese251.jpg,1
180,maltese537.jpg,1
181,maltese5fb2dba9804a9b00588e669b287b19f6.jpg,1
182,maltese286.jpg,1
183,maltese292.jpg,1
184,maltese4dc262bd3c3f5bbab4c38147ddf204a1.jpg,1
185,maltese133.jpg,1
186,maltese641.jpg,1
187,maltese127.jpg,1
188,maltese022b34fd8734b39995a9f38a4f3e7b6b.jpg,1
189,maltese7fb45dff8883ab90f937ad2ad753f243.jpg,1
190,maltese319.jpg,1
191,maltese457.jpg,1
192,maltese331.jpg,1
193,maltese325.jpg,1
194,maltese443.jpg,1
195,maltese494.jpg,1
196,maltese480.jpg,1
197,maltese496.jpg,1
198,maltese482.jpg,1
199,maltese333.jpg,1
200,maltese455.jpg,1
201,maltese441.jpg,1
202,maltese327.jpg,1
203,maltese131.jpg,1
204,maltese125.jpg,1
205,maltese643.jpg,1
206,maltese119.jpg,1
207,maltese284.jpg,1
208,maltese521.jpg,1
209,maltese535.jpg,1
210,maltese253.jpg,1
211,maltese509.jpg,1
212,maltese508.jpg,1
213,maltese252.jpg,1
214,maltese520.jpg,1
215,maltese285.jpg,1
216,maltesebbcc126ee5c5105308e461de70709905.jpg,1
217,maltese76a0a11e369b47cc3072bdff576a4ffd.jpg,1
218,maltese118.jpg,1
219,maltese124.jpg,1
220,maltese44319f441d26386b33ab470eb18ed44a.jpg,1
221,maltese130.jpg,1
222,maltese440.jpg,1
223,maltese944776650f21c3fc9cc1410ad6054989.jpg,1
224,malteseff7d9c08091acc3b18b869951feeb013.jpg,1
225,maltese326.jpg,1
226,maltese332.jpg,1
227,maltese454.jpg,1
228,maltese699cf953cbad4671d0734383646b93be.jpg,1
229,maltese483.jpg,1
230,maltesecc0b22a383993745090aeb391272cc77.jpg,1
231,maltese497.jpg,1
232,maltese493.jpg,1
233,maltese487.jpg,1
234,maltese478.jpg,1
235,maltese336.jpg,1
236,maltese322.jpg,1
237,maltese444.jpg,1
238,maltese108.jpg,1
239,maltese134.jpg,1
240,maltese646.jpg,1
241,maltese120.jpg,1
242,maltese281.jpg,1
243,maltese295.jpg,1
244,malteseb8a6ef891fb512189f283b38922e7ab8.jpg,1
245,maltese518.jpg,1
246,maltese524.jpg,1
247,maltese242.jpg,1
248,maltese256.jpg,1
249,maltesed639b33dd3a399d201f995b8d9915a62.jpg,1
250,maltese7140fa3f995dd39e9ddb15f7b991deca.jpg,1
251,maltese257.jpg,1
252,maltese525.jpg,1
253,maltese243.jpg,1
254,malteseecca49fac07d1511d00f2e8a669b1b09.jpg,1
255,maltese294.jpg,1
256,maltese280.jpg,1
257,maltese121.jpg,1
258,maltese135.jpg,1
259,maltese109.jpg,1
260,maltese2071036a0cb133584c9b917b1a7e90d7.jpg,1
261,maltese566d22b5ac9756acaccd91e7c6ac0ddc.jpg,1
262,maltesef61d861726155de0ebd1a8e1e892f5af.jpg,1
263,maltese323.jpg,1
264,maltese445.jpg,1
265,maltese451.jpg,1
266,maltese337.jpg,1
267,maltese479.jpg,1
268,maltese486.jpg,1
269,maltese492.jpg,1
270,maltese484.jpg,1
271,maltese490.jpg,1
272,maltesee74f33ae3d78d3d2f8c75b8fc847f5ad.jpg,1
273,maltese309.jpg,1
274,maltese447.jpg,1
275,maltese321.jpg,1
276,maltese335.jpg,1
277,maltese453.jpg,1
278,maltesef5020914618ca6445b1bb1ca2e0a4d51.jpg,1
279,maltese123.jpg,1
280,maltese645.jpg,1
281,maltese137.jpg,1
282,maltese296.jpg,1
283,maltese282.jpg,1
284,maltese255.jpg,1
285,maltese527.jpg,1
286,maltese240.jpg,1
287,maltese526.jpg,1
288,maltese254.jpg,1
289,maltese268.jpg,1
290,maltese283.jpg,1
291,maltese297.jpg,1
292,maltese44c17109d8c8b908d5c96a6fd8ab23c5.jpg,1
293,maltese7084c0e392fa9a33ba4d5e78f21a80e7.jpg,1
294,maltese650.jpg,1
295,maltese136.jpg,1
296,malteseb632eedd6378ef5376813c11f0d454bf.jpg,1
297,maltese122.jpg,1
298,maltese644.jpg,1
299,maltese1c0d254ae49836d3365bec5e9f663550.jpg,1
300,maltese334.jpg,1
301,maltese446.jpg,1
302,maltese320.jpg,1
303,maltese491.jpg,1
304,maltese485.jpg,1
305,maltese8daabe9ded307c802b5f84492bc14d69.jpg,1
306,maltese488.jpg,1
307,maltese463.jpg,1
308,maltese3c3e2f645fa36df8bd4d2b4b5168cdf1.jpg,1
309,maltese477.jpg,1
310,maltese311.jpg,1
311,maltese339.jpg,1
312,maltese5406eeabc4f6b981cc6f61cc7a335eae.jpg,1
313,maltese107.jpg,1
314,maltese113.jpg,1
315,maltesef523e20f7fac8e1d9909d0956a468467.jpg,1
316,maltese701.jpg,1
317,maltese6485a03e52b82371893d26e3119514f3.jpg,1
318,maltese271.jpg,1
319,maltese517.jpg,1
320,maltese503.jpg,1
321,maltese265.jpg,1
322,maltese259.jpg,1
323,maltese258.jpg,1
324,maltese502.jpg,1
325,maltese264.jpg,1
326,maltese270.jpg,1
327,maltese516.jpg,1
328,malteseec53887c5887ec7be3693459ad3ba4ed.jpg,1
329,maltese113ef2bb9e14d89f927314f73d573313.jpg,1
330,maltese112.jpg,1
331,maltese106.jpg,1
332,maltese1690522901e3d41a84c3dc91b1520902.jpg,1
333,maltese338.jpg,1
334,maltese476.jpg,1
335,maltese310.jpg,1
336,maltese462e88422f0889ec7cadcf742042e5ec.jpg,1
337,maltese489.jpg,1
338,maltese8dc980c9f136b41bf36d0490cdad2ce8.jpg,1
339,maltese312.jpg,1
340,maltese474.jpg,1
341,maltese448.jpg,1
342,maltese7742f1ede5c9e95b93dcbaee009f6e87.jpg,1
343,maltese110.jpg,1
344,maltese104.jpg,1
345,maltese138.jpg,1
346,maltese299.jpg,1
347,maltese69a16ac651167cc990b208b596491a91.jpg,1
348,maltese266.jpg,1
349,maltese500.jpg,1
350,maltese514.jpg,1
351,maltese272.jpg,1
352,maltese515.jpg,1
353,maltese273.jpg,1
354,maltese267.jpg,1
355,maltese501.jpg,1
356,maltese298.jpg,1
357,maltese64d5871c4169a52fcaf945e2aa874bcf.jpg,1
358,maltese703.jpg,1
359,maltese139.jpg,1
360,maltese105.jpg,1
361,maltese111.jpg,1
362,maltese313.jpg,1
363,maltese475.jpg,1
364,maltese459.jpg,1
365,maltese471.jpg,1
366,maltese317.jpg,1
367,maltese465.jpg,1
368,maltese1534c4b9f44f10bfb3e6e0ff32d08a9a.jpg,1
369,maltese129.jpg,1
370,maltese115.jpg,1
371,maltese101.jpg,1
372,maltese707.jpg,1
373,maltese288.jpg,1
374,maltese539.jpg,1
375,maltese505.jpg,1
376,maltese263.jpg,1
377,maltese277.jpg,1
378,maltese511.jpg,1
379,maltese276.jpg,1
380,maltese510.jpg,1
381,maltese504.jpg,1
382,maltese262.jpg,1
383,maltese538.jpg,1
384,malteseea42de31f9b6e2c8f44a48ab53bc5fd4.jpg,1
385,maltese289.jpg,1
386,maltese706.jpg,1
387,maltese128.jpg,1
388,maltese302.jpg,1
389,maltese464.jpg,1
390,maltese316.jpg,1
391,maltese458.jpg,1
392,maltese499.jpg,1
393,maltese5522867aa22e18f38e627fb9fd9b1847.jpg,1
394,maltese328.jpg,1
395,maltese466.jpg,1
396,maltese300.jpg,1
397,maltese314.jpg,1
398,maltese411f2ae9ea70299b09ec03af2bcc8c04.jpg,1
399,maltese56e895eb4ec0249d18378a65f9dd000e.jpg,1
400,maltese472.jpg,1
401,malteseebe9a419fc7d2c67a934411960b88913.jpg,1
402,maltese102.jpg,1
403,maltese116.jpg,1
404,maltese6727cd17680b105d9b305ec843e945b8.jpg,1
405,maltese704.jpg,1
406,maltesea1c0d9dbf4f0bee7763cc869881bde58.jpg,1
407,maltese248.jpg,1
408,maltesee2b2636c291ebf5649ba403b9592f51e.jpg,1
409,maltese512.jpg,1
410,maltese274.jpg,1
411,maltese260.jpg,1
412,maltese506.jpg,1
413,maltese261.jpg,1
414,maltese507.jpg,1
415,maltese513.jpg,1
416,maltese275.jpg,1
417,maltese249.jpg,1
418,maltese705.jpg,1
419,maltese117.jpg,1
420,maltese103.jpg,1
421,maltese315.jpg,1
422,maltese467.jpg,1
423,maltese301.jpg,1
424,maltese329.jpg,1
425,maltese93806df837d1bf71567f511c6cb19a52.jpg,1
426,maltese399.jpg,1
427,maltesee03cdc6533bf441f8bdb7467b1039996.jpg,1
428,maltese400.jpg,1
429,maltese414.jpg,1
430,maltese164.jpg,1
431,maltese170.jpg,1
432,maltese158.jpg,1
433,maltese0abdda879bb143b19e3c480279541915.jpg,1
434,maltese424c3990e83cdb18b5d0fe48a5cf7327.jpg,1
435,maltese574.jpg,1
436,maltese212.jpg,1
437,maltese206.jpg,1
438,maltese560.jpg,1
439,maltese548.jpg,1
440,maltese03dfefdb2939388f7ca9578cb7c4a2b9.jpg,1
441,maltese549.jpg,1
442,maltese207.jpg,1
443,maltese8b22f7121f8f487e43eca6d7b1e27dc6.jpg,1
444,maltese561.jpg,1
445,maltese575.jpg,1
446,maltese213.jpg,1
447,maltese4fd442326ea8d856652aea5afb8f5dbc.jpg,1
448,maltesec099b358d9f75595c1de41b5b27bfd36.jpg,1
449,maltese3cab06b69e8404ed0f90144ee4ef5271.jpg,1
450,maltesead17371333dc89057c529972489ad416.jpg,1
451,maltese159.jpg,1
452,maltese617.jpg,1
453,maltese171.jpg,1
454,maltese165.jpg,1
455,maltese5c5d99a4118647edcd81b8642df9922d.jpg,1
456,maltese373.jpg,1
457,maltese415.jpg,1
458,maltese401.jpg,1
459,maltese398.jpg,1
460,maltese422cf5cabdcdbd851082eab9a6f65d4f.jpg,1
461,maltese417.jpg,1
462,maltese365.jpg,1
463,maltese41397398c9a57e8a11dc9c1d898bdf8a.jpg,1
464,maltese403.jpg,1
465,maltese359.jpg,1
466,maltese053106ed091eac5e129225315ef6cfcb.jpg,1
467,maltese198.jpg,1
468,maltese173.jpg,1
469,maltese167.jpg,1
470,maltese55ca8f686661259ab4272e2a0aa22066.jpg,1
471,malteseb8bea4b3a40836ea881062273abd805f.jpg,1
472,maltese588.jpg,1
473,maltese205.jpg,1
474,maltese577.jpg,1
475,maltese239.jpg,1
476,maltese210.jpg,1
477,maltese576.jpg,1
478,maltese562.jpg,1
479,maltesea2bd873b70daa34386f0d9dea9a8ecd8.jpg,1
480,maltese628.jpg,1
481,maltese166.jpg,1
482,maltese172.jpg,1
483,maltese614.jpg,1
484,maltese199.jpg,1
485,maltese358.jpg,1
486,maltese402.jpg,1
487,maltese416.jpg,1
488,maltese3170c7b0f1c78955cfcc94c14182c174.jpg,1
489,maltese370.jpg,1
490,maltese348.jpg,1
491,maltese374.jpg,1
492,maltese406.jpg,1
493,maltese360.jpg,1
494,maltese189.jpg,1
495,maltese176.jpg,1
496,maltese162.jpg,1
497,maltese228.jpg,1
498,maltese37cc1bed158bbb562c22682492d2673a.jpg,1
499,maltese200.jpg,1
500,maltese566.jpg,1
501,maltese572.jpg,1
502,maltese573.jpg,1
503,maltese215.jpg,1
504,maltese201.jpg,1
505,maltese567.jpg,1
506,maltese229.jpg,1
507,maltese163.jpg,1
508,maltese177.jpg,1
509,maltese639.jpg,1
510,maltese188.jpg,1
511,maltese375.jpg,1
512,maltese413.jpg,1
513,maltese0f03e05c333f7e5538d4c90f9c837796.jpg,1
514,malteseb693577aa9e7c6669457395d2aad073a.jpg,1
515,maltese388.jpg,1
516,maltese439.jpg,1
517,maltese405.jpg,1
518,maltese411.jpg,1
519,maltese377.jpg,1
520,maltese0d96ca29ff2e557e93c3de0ba017ff61.jpg,1
521,maltese149.jpg,1
522,maltese161.jpg,1
523,maltese175.jpg,1
524,maltese1108e48ce3e2d7d7fb527ae6e40ab486.jpg,1
525,maltese559.jpg,1
526,maltese217.jpg,1
527,maltese571.jpg,1
528,maltese564.jpg,1
529,maltese202.jpg,1
530,maltese216.jpg,1
531,maltese570.jpg,1
532,maltese558.jpg,1
533,maltese3a3d8942f7014c126c0c1bf176d0d1a3.jpg,1
534,maltese478f36c489b36e2f4ba5667685c4baa9.jpg,1
535,maltese174.jpg,1
536,maltese160.jpg,1
537,maltese148.jpg,1
538,maltesecbc467503ed345317daf97f6f5536195.jpg,1
539,maltese499174e0769fdd49fdcb69e235927bef.jpg,1
540,maltese410.jpg,1
541,maltese376.jpg,1
542,maltese362.jpg,1
543,maltese404.jpg,1
544,maltese438.jpg,1
545,maltese389.jpg,1
0,smoyed4d92f179c97da98bd132defd96f567fe.jpg,2
1,smoyede30db8f52d5fe88e128697d8fbd163e9.jpg,2
2,smoyedc38e77ac6a0ee0c8ff5fdcd1df42f6f0.jpg,2
3,smoyede3104080c13200a90467f712dd2abd08.jpg,2
4,smoyed4042a82105d88638a0e7dd2ae2f6710a.jpg,2
5,smoyedd34fba7b6362358f5bd02827ce6389e8.jpg,2
6,smoyed39e60de9434ac684f2b204378ed5126f.jpg,2
7,smoyed7a4cc5606cf632ad77a2285186352aac.jpg,2
8,smoyedffcffab7e4beef9a9b8076ef2ca51909.jpg,2
9,smoyed4d49a0f1dbd0d2a80bbfcfd2d55a8936.jpg,2
10,smoyed221d6a5556c33cebd3d2f51eb6565dcf.jpg,2
11,smoyedb9757ae6aae924b0b5771d9dcd7590ca.jpg,2
12,smoyed3eda7915db371a5908b29137704004ee.jpg,2
13,smoyede4b99d348bb5eec10e433c02173d057e.jpg,2
14,smoyed692e38e7a69583757cfdcecd6533b84a.jpg,2
15,smoyed20bf4cd949afa66f38a99b9c815a1102.jpg,2
16,smoyed6eeae947efa8162eb3b8e8a0bafc7997.jpg,2
17,smoyed0cbca2fcad7910a3c98d734e17cfde65.jpg,2
18,smoyeda6cfd1852f7821cd0ecf7cf92aff06b3.jpg,2
19,smoyed8d86decc51df3d4730dd01ea23d531ec.jpg,2
20,smoyed01b36cb1b80ab8c3a7d2b7128ad21bdc.jpg,2
21,smoyed11c0aaa58a419a61513b5c1f27b67f16.jpg,2
22,smoyed810204f42e3659e0f314a937c460947c.jpg,2
23,smoyed6a5922845fe652449fbbbdb05ce5c32b.jpg,2
24,smoyedd63508200d0c38766216f3ef91cc59d5.jpg,2
25,smoyed5ed0024700ee7dc770ce03215913e740.jpg,2
26,smoyed18b631157527e14b007e570175c921a3.jpg,2
27,smoyedb3c360cdc204d571b5287268fa4b4c25.jpg,2
28,smoyed202d6e58dc961b63c647cb8991294c6f.jpg,2
29,smoyed985e9ae5e9382a61fc14d9ed109f2cff.jpg,2
30,smoyedd9e02a65ba3b640f29e3e0bbf9a70ecc.jpg,2
31,smoyed859433a164cbb202cfcf57ee6b24217d.jpg,2
32,smoyed1ad1668986f5e9413d37f4481d5cecc7.jpg,2
33,smoyed2858f1f3828793a37f0728bfd66fc6f4.jpg,2
34,smoyeda1dfedd16f94ca093e79f93f3eb6e03d.jpg,2
35,smoyedf2caac437e0ad55c130321aac6ba375b.jpg,2
36,smoyed95660f727282e9db785ea010b0dd4160.jpg,2
37,smoyeddaa59e97cb75d22b9691d48bdee59f53.jpg,2
38,smoyed61fca65e5c0f5ae5ef7977ade431ee20.jpg,2
39,smoyed093a146e173a3fd9ea650b87f08d6222.jpg,2
40,smoyedec3985e4104dbdb2b4628ed9379d1a56.jpg,2
41,smoyed0ddbc4702eff570783cd03645571e7f7.jpg,2
42,smoyedd5dc59aae5cd233f9d03e10ec567ac08.jpg,2
43,smoyed173d5eb6a645eee683442be8101d398e.jpg,2
44,smoyed8050fe38de16177e26022a275b943966.jpg,2
45,smoyed0fc6556b7504fc473d8bdaa0a555a4de.jpg,2
46,smoyedd5264d9c70065f4f32ce88bfa519d2c3.jpg,2
47,smoyedc85fdb661bce3147ba6560f1f72cbbdd.jpg,2
48,smoyed3c8b026a371181f328fb94f5c133b21e.jpg,2
49,smoyede47a26a0b4510b25250f654577207ed3.jpg,2
50,smoyed356c4208d3298e914c96d6de56328334.jpg,2
51,smoyedadf50131b2c975bc32fdf57194fc3cff.jpg,2
52,smoyed1ac99811729824259ded81d3bbed7762.jpg,2
53,smoyed8992306d8e9bd6b844ebbdcec53d9925.jpg,2
54,smoyedae2ea774187ab7e25dc6597390b15765.jpg,2
55,smoyed18178aae17060733ebce2cff03413a8c.jpg,2
56,smoyed38ecebe27257f12dd04dbcdd19b2dad3.jpg,2
57,smoyed9c1bb0db2b3239a8d7e44c3fa01feba8.jpg,2
58,smoyed8452a26d7243a299ea782a7ba4036f1f.jpg,2
59,smoyed202c3ed2fa2c50b736fb3c4cc8fe903c.jpg,2
60,smoyedad282d2da0cc82233dbc487e8ca80aed.jpg,2
61,smoyeddc226c922a709fd866d25d7d93b859c9.jpg,2
62,smoyed43c77db3424becc68da6a3d44591b2cc.jpg,2
63,smoyed3ab52c53de2d5938989d18d1a3248a1f.jpg,2
64,smoyed74869ebe0ee87a2b2addb1818c0eb152.jpg,2
65,smoyedaf57c552420b045bb5e15c402389eb0c.jpg,2
66,smoyedb6a6bf17290dcccfb399b78cfeb2524d.jpg,2
67,smoyed1c80cbd184334b339e5eba8aaa6ae929.jpg,2
68,smoyede2b39eb9cb8b34303cc3527f8f8df9d6.jpg,2
69,smoyed041b3b8a40b587a486276ac15edd9eaf.jpg,2
70,smoyed52d3d97a39a2d38256d4677e6ea38845.jpg,2
71,smoyedd91c7e2d76abccec81c24a556dd54435.jpg,2
72,smoyedc6ca92fae93fe8522b240a663c9065d8.jpg,2
73,smoyed77b3b214f0a852524906fba0f3f97f0d.jpg,2
74,smoyed5e41160d5c65c05daa117f3044f9a66f.jpg,2
75,smoyed8d93e1171042807702d5e4cb4073b2ed.jpg,2
76,smoyed59e3b551d67480c6e59493b5f66ce9f9.jpg,2
77,smoyed674a772d6200cb572545dd038faefbb1.jpg,2
78,smoyed77a089032276f7edce828022c3dca3e8.jpg,2
79,smoyedaf39c8e69b35029608e2c600e40fc515.jpg,2
80,smoyed0a6706f7864eb8871913f0e4ba07a61e.jpg,2
81,smoyedd4d90d481dbbff9729349b3e270a1d37.jpg,2
82,smoyedcb981a6f87f8d8dd645c41710297fdbd.jpg,2
83,smoyedabbbd390647afb9e206005d01ab92316.jpg,2
84,smoyedb4d673a70a77504b16d2f975a941dbbf.jpg,2
85,smoyedf3e5d0f516c56df7b58b4488f13bb00f.jpg,2
86,smoyeda3c86eed8bd50060f0d3e8d03c600087.jpg,2
87,smoyede49b6c0fb5b8bb8b86fe2a1f48c65746.jpg,2
88,smoyed864dd68d1079dd10a784dbd2ff2c3995.jpg,2
89,smoyeda27fc9c9f35579d2ff1c7f2a2c6fae60.jpg,2
90,smoyed1929eb9a7cf1fe75c0731a27545d8893.jpg,2
91,smoyed45c500a40d2bc460ed48337a8893ebc5.jpg,2
92,smoyed5260608983283e195add912bb885bf2b.jpg,2
93,smoyed2ac10837ecb82f466b9a9f60bacfe99f.jpg,2
94,smoyedca0125e172368e6807dd69f69534851a.jpg,2
95,smoyedeada9c7e7e1d9fde5df22b28e0ca9341.jpg,2
0,spitz113.jpg,3
1,spitz107.jpg,3
2,spitz106.jpg,3
3,spitz112.jpg,3
4,spitz104.jpg,3
5,spitz110.jpg,3
6,spitz138.jpg,3
7,spitz139.jpg,3
8,spitz111.jpg,3
9,spitz105.jpg,3
10,spitz129.jpg,3
11,spitz101.jpg,3
12,spitz115.jpg,3
13,spitz128.jpg,3
14,spitz102.jpg,3
15,spitz103.jpg,3
16,spitz117.jpg,3
17,spitz132.jpg,3
18,spitz126.jpg,3
19,spitz127.jpg,3
20,spitz133.jpg,3
21,spitz125.jpg,3
22,spitz131.jpg,3
23,spitz118.jpg,3
24,spitz130.jpg,3
25,spitz108.jpg,3
26,spitz120.jpg,3
27,spitz135.jpg,3
28,spitz121.jpg,3
29,spitz137.jpg,3
30,spitz122.jpg,3
31,spitz136.jpg,3
32,spitz142.jpg,3
33,spitz140.jpg,3
34,spitz141.jpg,3
